<?xml version="1.0"?>
<doc>
    <assembly>
        <name>MySql.EntityFrameworkCore</name>
    </assembly>
    <members>
        <member name="T:MySql.EntityFrameworkCore.DataAnnotations.MySqlCharsetAttribute">
            <summary>
            Establishes the character set of an entity property.
            </summary>
        </member>
        <member name="P:MySql.EntityFrameworkCore.DataAnnotations.MySqlCharsetAttribute.Charset">
            <summary>
            Character set to use for the attribute.
            </summary>
        </member>
        <member name="M:MySql.EntityFrameworkCore.DataAnnotations.MySqlCharsetAttribute.#ctor(System.String)">
            <summary>
            Initializes a new instance of the <see cref="T:MySql.EntityFrameworkCore.DataAnnotations.MySqlCharsetAttribute"/> class.
            </summary>
            <param name="charset">Character set to use.</param>
        </member>
        <member name="T:MySql.EntityFrameworkCore.DataAnnotations.MySqlCollationAttribute">
            <summary>
            Sets the collation in an entity property.
            </summary>
        </member>
        <member name="P:MySql.EntityFrameworkCore.DataAnnotations.MySqlCollationAttribute.Collation">
            <summary>
            Collation set in the attribute.
            </summary>
        </member>
        <member name="M:MySql.EntityFrameworkCore.DataAnnotations.MySqlCollationAttribute.#ctor(System.String)">
            <summary>
            Initializes a new instance of the <see cref="T:MySql.EntityFrameworkCore.DataAnnotations.MySqlCollationAttribute"/> class.
            </summary>
            <param name="collation">Collation to use.</param>
        </member>
        <member name="M:MySql.EntityFrameworkCore.Design.Internal.MySQLAnnotationCodeGenerator.IsHandledByConvention(Microsoft.EntityFrameworkCore.Metadata.IModel,Microsoft.EntityFrameworkCore.Infrastructure.IAnnotation)">
            <inheritdoc />
        </member>
        <member name="M:MySql.EntityFrameworkCore.Design.Internal.MySQLAnnotationCodeGenerator.GenerateFluentApi(Microsoft.EntityFrameworkCore.Metadata.IProperty,Microsoft.EntityFrameworkCore.Infrastructure.IAnnotation)">
            <inheritdoc />
        </member>
        <member name="T:MySql.EntityFrameworkCore.Diagnostics.MySQLEventId">
            <summary>
                <para>
                    Event IDs for MySQL events that correspond to messages logged to an <see cref="T:Microsoft.Extensions.Logging.ILogger" />
                    and events sent to a <see cref="T:System.Diagnostics.DiagnosticSource" />.
                </para>
                <para>
                    These IDs are also used with <see cref="T:Microsoft.EntityFrameworkCore.Diagnostics.WarningsConfigurationBuilder" /> to configure the
                    behavior of warnings.
                </para>
            </summary>
        </member>
        <member name="F:MySql.EntityFrameworkCore.Diagnostics.MySQLEventId.DecimalTypeDefaultWarning">
            <summary>
                <para>
                    No explicit type for a decimal column.
                </para>
                <para>
                    This event is in the <see cref="T:Microsoft.EntityFrameworkCore.DbLoggerCategory.Model.Validation" /> category.
                </para>
                <para>
                    This event uses the <see cref="T:Microsoft.EntityFrameworkCore.Diagnostics.PropertyEventData" /> payload when used with a <see cref="T:System.Diagnostics.DiagnosticSource" />.
                </para>
            </summary>
        </member>
        <member name="F:MySql.EntityFrameworkCore.Diagnostics.MySQLEventId.ByteIdentityColumnWarning">
            <summary>
                <para>
                    A byte property is set up to use a MySQL identity column.
                </para>
                <para>
                    This event is in the <see cref="T:Microsoft.EntityFrameworkCore.DbLoggerCategory.Model.Validation" /> category.
                </para>
                <para>
                    This event uses the <see cref="T:Microsoft.EntityFrameworkCore.Diagnostics.PropertyEventData" /> payload when used with a <see cref="T:System.Diagnostics.DiagnosticSource" />.
                </para>
            </summary>
        </member>
        <member name="F:MySql.EntityFrameworkCore.Diagnostics.MySQLEventId.ColumnFound">
            <summary>
                A column was found.
                This event is in the <see cref="T:Microsoft.EntityFrameworkCore.DbLoggerCategory.Scaffolding" /> category.
            </summary>
        </member>
        <member name="F:MySql.EntityFrameworkCore.Diagnostics.MySQLEventId.ForeignKeyColumnFound">
            <summary>
                A column of a foreign key was found.
                This event is in the <see cref="T:Microsoft.EntityFrameworkCore.DbLoggerCategory.Scaffolding" /> category.
            </summary>
        </member>
        <member name="F:MySql.EntityFrameworkCore.Diagnostics.MySQLEventId.DefaultSchemaFound">
            <summary>
                A default schema was found.
                This event is in the <see cref="T:Microsoft.EntityFrameworkCore.DbLoggerCategory.Scaffolding" /> category.
            </summary>
        </member>
        <member name="F:MySql.EntityFrameworkCore.Diagnostics.MySQLEventId.TypeAliasFound">
            <summary>
                A type alias was found.
                This event is in the <see cref="T:Microsoft.EntityFrameworkCore.DbLoggerCategory.Scaffolding" /> category.
            </summary>
        </member>
        <member name="F:MySql.EntityFrameworkCore.Diagnostics.MySQLEventId.MissingSchemaWarning">
            <summary>
                The database is missing a schema.
                This event is in the <see cref="T:Microsoft.EntityFrameworkCore.DbLoggerCategory.Scaffolding" /> category.
            </summary>
        </member>
        <member name="F:MySql.EntityFrameworkCore.Diagnostics.MySQLEventId.MissingTableWarning">
            <summary>
                The database is missing a table.
                This event is in the <see cref="T:Microsoft.EntityFrameworkCore.DbLoggerCategory.Scaffolding" /> category.
            </summary>
        </member>
        <member name="F:MySql.EntityFrameworkCore.Diagnostics.MySQLEventId.SequenceNotNamedWarning">
            <summary>
                The database has an unnamed sequence.
                This event is in the <see cref="T:Microsoft.EntityFrameworkCore.DbLoggerCategory.Scaffolding" /> category.
            </summary>
        </member>
        <member name="F:MySql.EntityFrameworkCore.Diagnostics.MySQLEventId.IndexColumnsNotMappedWarning">
            <summary>
                Columns in an index were not mapped.
                This event is in the <see cref="T:Microsoft.EntityFrameworkCore.DbLoggerCategory.Scaffolding" /> category.
            </summary>
        </member>
        <member name="F:MySql.EntityFrameworkCore.Diagnostics.MySQLEventId.ForeignKeyReferencesMissingPrincipalTableWarning">
            <summary>
                A foreign key references a missing table at the principal end.
                This event is in the <see cref="T:Microsoft.EntityFrameworkCore.DbLoggerCategory.Scaffolding" /> category.
            </summary>
        </member>
        <member name="F:MySql.EntityFrameworkCore.Diagnostics.MySQLEventId.ForeignKeyColumnsNotMappedWarning">
            <summary>
                Columns in a foreign key were not mapped.
                This event is in the <see cref="T:Microsoft.EntityFrameworkCore.DbLoggerCategory.Scaffolding" /> category.
            </summary>
        </member>
        <member name="F:MySql.EntityFrameworkCore.Diagnostics.MySQLEventId.ForeignKeyNotNamedWarning">
            <summary>
                A foreign key is not named.
                This event is in the <see cref="T:Microsoft.EntityFrameworkCore.DbLoggerCategory.Scaffolding" /> category.
            </summary>
        </member>
        <member name="F:MySql.EntityFrameworkCore.Diagnostics.MySQLEventId.ForeignKeyColumnMissingWarning">
            <summary>
                A foreign key column was not found.
                This event is in the <see cref="T:Microsoft.EntityFrameworkCore.DbLoggerCategory.Scaffolding" /> category.
            </summary>
        </member>
        <member name="F:MySql.EntityFrameworkCore.Diagnostics.MySQLEventId.ForeignKeyColumnNotNamedWarning">
            <summary>
                A foreign key column was not named.
                This event is in the <see cref="T:Microsoft.EntityFrameworkCore.DbLoggerCategory.Scaffolding" /> category.
            </summary>
        </member>
        <member name="F:MySql.EntityFrameworkCore.Diagnostics.MySQLEventId.ColumnNotNamedWarning">
            <summary>
                A column is not named.
                This event is in the <see cref="T:Microsoft.EntityFrameworkCore.DbLoggerCategory.Scaffolding" /> category.
            </summary>
        </member>
        <member name="F:MySql.EntityFrameworkCore.Diagnostics.MySQLEventId.IndexNotNamedWarning">
            <summary>
                An index is not named.
                This event is in the <see cref="T:Microsoft.EntityFrameworkCore.DbLoggerCategory.Scaffolding" /> category.
            </summary>
        </member>
        <member name="F:MySql.EntityFrameworkCore.Diagnostics.MySQLEventId.IndexTableMissingWarning">
            <summary>
                The table referenced by an index was not found.
                This event is in the <see cref="T:Microsoft.EntityFrameworkCore.DbLoggerCategory.Scaffolding" /> category.
            </summary>
        </member>
        <member name="F:MySql.EntityFrameworkCore.Diagnostics.MySQLEventId.IndexColumnNotNamedWarning">
            <summary>
                An index column was not named.
                This event is in the <see cref="T:Microsoft.EntityFrameworkCore.DbLoggerCategory.Scaffolding" /> category.
            </summary>
        </member>
        <member name="F:MySql.EntityFrameworkCore.Diagnostics.MySQLEventId.TableFound">
            <summary>
                A table was found.
                This event is in the <see cref="T:Microsoft.EntityFrameworkCore.DbLoggerCategory.Scaffolding" /> category.
            </summary>
        </member>
        <member name="F:MySql.EntityFrameworkCore.Diagnostics.MySQLEventId.TableSkipped">
            <summary>
                A table was skipped.
                This event is in the <see cref="T:Microsoft.EntityFrameworkCore.DbLoggerCategory.Scaffolding" /> category.
            </summary>
        </member>
        <member name="F:MySql.EntityFrameworkCore.Diagnostics.MySQLEventId.ColumnSkipped">
            <summary>
                A column was skipped.
                This event is in the <see cref="T:Microsoft.EntityFrameworkCore.DbLoggerCategory.Scaffolding" /> category.
            </summary>
        </member>
        <member name="F:MySql.EntityFrameworkCore.Diagnostics.MySQLEventId.IndexColumnFound">
            <summary>
                An index was skipped.
                This event is in the <see cref="T:Microsoft.EntityFrameworkCore.DbLoggerCategory.Scaffolding" /> category.
            </summary>
        </member>
        <member name="F:MySql.EntityFrameworkCore.Diagnostics.MySQLEventId.IndexColumnSkipped">
            <summary>
                A column of an index was skipped.
                This event is in the <see cref="T:Microsoft.EntityFrameworkCore.DbLoggerCategory.Scaffolding" /> category.
            </summary>
        </member>
        <member name="F:MySql.EntityFrameworkCore.Diagnostics.MySQLEventId.SequenceFound">
            <summary>
                A sequence was found.
                This event is in the <see cref="T:Microsoft.EntityFrameworkCore.DbLoggerCategory.Scaffolding" /> category.
            </summary>
        </member>
        <member name="F:MySql.EntityFrameworkCore.Diagnostics.MySQLEventId.ForeignKeyTableMissingWarning">
            <summary>
                A foreign key table was not found.
                This event is in the <see cref="T:Microsoft.EntityFrameworkCore.DbLoggerCategory.Scaffolding" /> category.
            </summary>
        </member>
        <member name="F:MySql.EntityFrameworkCore.Diagnostics.MySQLEventId.PrimaryKeyFound">
            <summary>
                Primary key was found.
                This event is in the <see cref="T:Microsoft.EntityFrameworkCore.DbLoggerCategory.Scaffolding" /> category.
            </summary>
        </member>
        <member name="F:MySql.EntityFrameworkCore.Diagnostics.MySQLEventId.UniqueConstraintFound">
            <summary>
                An unique constraint was found.
                This event is in the <see cref="T:Microsoft.EntityFrameworkCore.DbLoggerCategory.Scaffolding" /> category.
            </summary>
        </member>
        <member name="F:MySql.EntityFrameworkCore.Diagnostics.MySQLEventId.IndexFound">
            <summary>
                An index was found.
                This event is in the <see cref="T:Microsoft.EntityFrameworkCore.DbLoggerCategory.Scaffolding" /> category.
            </summary>
        </member>
        <member name="F:MySql.EntityFrameworkCore.Diagnostics.MySQLEventId.ForeignKeyFound">
            <summary>
                A foreign key was found.
                This event is in the <see cref="T:Microsoft.EntityFrameworkCore.DbLoggerCategory.Scaffolding" /> category.
            </summary>
        </member>
        <member name="F:MySql.EntityFrameworkCore.Diagnostics.MySQLEventId.ForeignKeyPrincipalColumnMissingWarning">
            <summary>
                A principal column referenced by a foreign key was not found.
                This event is in the <see cref="T:Microsoft.EntityFrameworkCore.DbLoggerCategory.Scaffolding" /> category.
            </summary>
        </member>
        <member name="F:MySql.EntityFrameworkCore.Diagnostics.MySQLEventId.ReflexiveConstraintIgnored">
            <summary>
                A reflexive foreign key constraint was skipped.
                This event is in the <see cref="T:Microsoft.EntityFrameworkCore.DbLoggerCategory.Scaffolding" /> category.
            </summary>
        </member>
        <member name="T:MySql.EntityFrameworkCore.Extensions.MySQLDatabaseFacadeExtensions">
            <summary>
                MySQL specific extension methods for <see cref="P:Microsoft.EntityFrameworkCore.DbContext.Database" />.
            </summary>
        </member>
        <member name="M:MySql.EntityFrameworkCore.Extensions.MySQLDatabaseFacadeExtensions.IsMySql(Microsoft.EntityFrameworkCore.Infrastructure.DatabaseFacade)">
            <summary>
                <para>
                    Indicates whether the database provider currently in use is the MySQL provider.
                </para>
                <para>
                    This method can only be used after the <see cref="T:Microsoft.EntityFrameworkCore.DbContext" /> has been configured because
                    it is only then that the provider is known. This method cannot be used
                    in <see cref="M:Microsoft.EntityFrameworkCore.DbContext.OnConfiguring(Microsoft.EntityFrameworkCore.DbContextOptionsBuilder)" /> because this is where application code sets the
                    provider to use as part of configuring the context.
                </para>
            </summary>
            <param name="database"> The facade from <see cref="P:Microsoft.EntityFrameworkCore.DbContext.Database" />. </param>
            <returns><see langword="true"/> if MySQL is being used; otherwise, <see langword="false"/>. </returns>
        </member>
        <member name="T:MySql.EntityFrameworkCore.Extensions.MySQLDbFunctionsExtensions">
            <summary>
                Provides CLR methods that are translated to database functions when used in LINQ to Entities queries.
                The methods in this class are accessed with <see cref="P:Microsoft.EntityFrameworkCore.EF.Functions" />.
            </summary>
        </member>
        <member name="M:MySql.EntityFrameworkCore.Extensions.MySQLDbFunctionsExtensions.DateDiffYear(Microsoft.EntityFrameworkCore.DbFunctions,System.DateTime,System.DateTime)">
            <summary>
                Counts the number of year boundaries crossed between the startDate and endDate.
                Corresponds to TIMESTAMPDIFF(YEAR,startDate,endDate).
            </summary>
            <param name="_">The DbFunctions instance.</param>
            <param name="startDate">Starting date for the calculation.</param>
            <param name="endDate">Ending date for the calculation.</param>
            <returns>Number of year boundaries crossed between the dates.</returns>
        </member>
        <member name="M:MySql.EntityFrameworkCore.Extensions.MySQLDbFunctionsExtensions.DateDiffYear(Microsoft.EntityFrameworkCore.DbFunctions,System.Nullable{System.DateTime},System.Nullable{System.DateTime})">
            <summary>
                Counts the number of year boundaries crossed between the startDate and endDate.
                Corresponds to TIMESTAMPDIFF(YEAR,startDate,endDate).
            </summary>
            <param name="_">The DbFunctions instance.</param>
            <param name="startDate">Starting date for the calculation.</param>
            <param name="endDate">Ending date for the calculation.</param>
            <returns>Number of year boundaries crossed between the dates.</returns>
        </member>
        <member name="M:MySql.EntityFrameworkCore.Extensions.MySQLDbFunctionsExtensions.DateDiffYear(Microsoft.EntityFrameworkCore.DbFunctions,System.DateTimeOffset,System.DateTimeOffset)">
            <summary>
                Counts the number of year boundaries crossed between the startDate and endDate.
                Corresponds to TIMESTAMPDIFF(YEAR,startDate,endDate).
            </summary>
            <param name="_">The DbFunctions instance.</param>
            <param name="startDate">Starting date for the calculation.</param>
            <param name="endDate">Ending date for the calculation.</param>
            <returns>Number of year boundaries crossed between the dates.</returns>
        </member>
        <member name="M:MySql.EntityFrameworkCore.Extensions.MySQLDbFunctionsExtensions.DateDiffYear(Microsoft.EntityFrameworkCore.DbFunctions,System.Nullable{System.DateTimeOffset},System.Nullable{System.DateTimeOffset})">
            <summary>
                Counts the number of year boundaries crossed between the startDate and endDate.
                Corresponds to TIMESTAMPDIFF(YEAR,startDate,endDate).
            </summary>
            <param name="_">The DbFunctions instance.</param>
            <param name="startDate">Starting date for the calculation.</param>
            <param name="endDate">Ending date for the calculation.</param>
            <returns>Number of year boundaries crossed between the dates.</returns>
        </member>
        <member name="M:MySql.EntityFrameworkCore.Extensions.MySQLDbFunctionsExtensions.DateDiffMonth(Microsoft.EntityFrameworkCore.DbFunctions,System.DateTime,System.DateTime)">
            <summary>
                Counts the number of month boundaries crossed between the startDate and endDate.
                Corresponds to TIMESTAMPDIFF(MONTH,startDate,endDate).
            </summary>
            <param name="_">The DbFunctions instance.</param>
            <param name="startDate">Starting date for the calculation.</param>
            <param name="endDate">Ending date for the calculation.</param>
            <returns>Number of month boundaries crossed between the dates.</returns>
        </member>
        <member name="M:MySql.EntityFrameworkCore.Extensions.MySQLDbFunctionsExtensions.DateDiffMonth(Microsoft.EntityFrameworkCore.DbFunctions,System.Nullable{System.DateTime},System.Nullable{System.DateTime})">
            <summary>
                Counts the number of month boundaries crossed between the startDate and endDate.
                Corresponds to TIMESTAMPDIFF(MONTH,startDate,endDate).
            </summary>
            <param name="_">The DbFunctions instance.</param>
            <param name="startDate">Starting date for the calculation.</param>
            <param name="endDate">Ending date for the calculation.</param>
            <returns>Number of month boundaries crossed between the dates.</returns>
        </member>
        <member name="M:MySql.EntityFrameworkCore.Extensions.MySQLDbFunctionsExtensions.DateDiffMonth(Microsoft.EntityFrameworkCore.DbFunctions,System.DateTimeOffset,System.DateTimeOffset)">
            <summary>
                Counts the number of month boundaries crossed between the startDate and endDate.
                Corresponds to TIMESTAMPDIFF(MONTH,startDate,endDate).
            </summary>
            <param name="_">The DbFunctions instance.</param>
            <param name="startDate">Starting date for the calculation.</param>
            <param name="endDate">Ending date for the calculation.</param>
            <returns>Number of month boundaries crossed between the dates.</returns>
        </member>
        <member name="M:MySql.EntityFrameworkCore.Extensions.MySQLDbFunctionsExtensions.DateDiffMonth(Microsoft.EntityFrameworkCore.DbFunctions,System.Nullable{System.DateTimeOffset},System.Nullable{System.DateTimeOffset})">
            <summary>
                Counts the number of month boundaries crossed between the startDate and endDate.
                Corresponds to TIMESTAMPDIFF(MONTH,startDate,endDate).
            </summary>
            <param name="_">The DbFunctions instance.</param>
            <param name="startDate">Starting date for the calculation.</param>
            <param name="endDate">Ending date for the calculation.</param>
            <returns>Number of month boundaries crossed between the dates.</returns>
        </member>
        <member name="M:MySql.EntityFrameworkCore.Extensions.MySQLDbFunctionsExtensions.DateDiffDay(Microsoft.EntityFrameworkCore.DbFunctions,System.DateTime,System.DateTime)">
            <summary>
                Counts the number of day boundaries crossed between the startDate and endDate.
                Corresponds to TIMESTAMPDIFF(DAY,startDate,endDate).
            </summary>
            <param name="_">The DbFunctions instance.</param>
            <param name="startDate">Starting date for the calculation.</param>
            <param name="endDate">Ending date for the calculation.</param>
            <returns>Number of day boundaries crossed between the dates.</returns>
        </member>
        <member name="M:MySql.EntityFrameworkCore.Extensions.MySQLDbFunctionsExtensions.DateDiffDay(Microsoft.EntityFrameworkCore.DbFunctions,System.Nullable{System.DateTime},System.Nullable{System.DateTime})">
            <summary>
                Counts the number of day boundaries crossed between the startDate and endDate.
                Corresponds to TIMESTAMPDIFF(DAY,startDate,endDate).
            </summary>
            <param name="_">The DbFunctions instance.</param>
            <param name="startDate">Starting date for the calculation.</param>
            <param name="endDate">Ending date for the calculation.</param>
            <returns>Number of day boundaries crossed between the dates.</returns>
        </member>
        <member name="M:MySql.EntityFrameworkCore.Extensions.MySQLDbFunctionsExtensions.DateDiffDay(Microsoft.EntityFrameworkCore.DbFunctions,System.DateTimeOffset,System.DateTimeOffset)">
            <summary>
                Counts the number of day boundaries crossed between the startDate and endDate.
                Corresponds to TIMESTAMPDIFF(DAY,startDate,endDate).
            </summary>
            <param name="_">The DbFunctions instance.</param>
            <param name="startDate">Starting date for the calculation.</param>
            <param name="endDate">Ending date for the calculation.</param>
            <returns>Number of day boundaries crossed between the dates.</returns>
        </member>
        <member name="M:MySql.EntityFrameworkCore.Extensions.MySQLDbFunctionsExtensions.DateDiffDay(Microsoft.EntityFrameworkCore.DbFunctions,System.Nullable{System.DateTimeOffset},System.Nullable{System.DateTimeOffset})">
            <summary>
                Counts the number of day boundaries crossed between the startDate and endDate.
                Corresponds to TIMESTAMPDIFF(DAY,startDate,endDate).
            </summary>
            <param name="_">The DbFunctions instance.</param>
            <param name="startDate">Starting date for the calculation.</param>
            <param name="endDate">Ending date for the calculation.</param>
            <returns>Number of day boundaries crossed between the dates.</returns>
        </member>
        <member name="M:MySql.EntityFrameworkCore.Extensions.MySQLDbFunctionsExtensions.DateDiffHour(Microsoft.EntityFrameworkCore.DbFunctions,System.DateTime,System.DateTime)">
            <summary>
                Counts the number of hour boundaries crossed between the startDate and endDate.
                Corresponds to TIMESTAMPDIFF(HOUR,startDate,endDate).
            </summary>
            <param name="_">The DbFunctions instance.</param>
            <param name="startDate">Starting date for the calculation.</param>
            <param name="endDate">Ending date for the calculation.</param>
            <returns>Number of hour boundaries crossed between the dates.</returns>
        </member>
        <member name="M:MySql.EntityFrameworkCore.Extensions.MySQLDbFunctionsExtensions.DateDiffHour(Microsoft.EntityFrameworkCore.DbFunctions,System.Nullable{System.DateTime},System.Nullable{System.DateTime})">
            <summary>
                Counts the number of hour boundaries crossed between the startDate and endDate.
                Corresponds to TIMESTAMPDIFF(HOUR,startDate,endDate).
            </summary>
            <param name="_">The DbFunctions instance.</param>
            <param name="startDate">Starting date for the calculation.</param>
            <param name="endDate">Ending date for the calculation.</param>
            <returns>Number of hour boundaries crossed between the dates.</returns>
        </member>
        <member name="M:MySql.EntityFrameworkCore.Extensions.MySQLDbFunctionsExtensions.DateDiffHour(Microsoft.EntityFrameworkCore.DbFunctions,System.DateTimeOffset,System.DateTimeOffset)">
            <summary>
                Counts the number of hour boundaries crossed between the startDate and endDate.
                Corresponds to TIMESTAMPDIFF(HOUR,startDate,endDate).
            </summary>
            <param name="_">The DbFunctions instance.</param>
            <param name="startDate">Starting date for the calculation.</param>
            <param name="endDate">Ending date for the calculation.</param>
            <returns>Number of hour boundaries crossed between the dates.</returns>
        </member>
        <member name="M:MySql.EntityFrameworkCore.Extensions.MySQLDbFunctionsExtensions.DateDiffHour(Microsoft.EntityFrameworkCore.DbFunctions,System.Nullable{System.DateTimeOffset},System.Nullable{System.DateTimeOffset})">
            <summary>
                Counts the number of hour boundaries crossed between the startDate and endDate.
                Corresponds to TIMESTAMPDIFF(HOUR,startDate,endDate).
            </summary>
            <param name="_">The DbFunctions instance.</param>
            <param name="startDate">Starting date for the calculation.</param>
            <param name="endDate">Ending date for the calculation.</param>
            <returns>Number of hour boundaries crossed between the dates.</returns>
        </member>
        <member name="M:MySql.EntityFrameworkCore.Extensions.MySQLDbFunctionsExtensions.DateDiffMinute(Microsoft.EntityFrameworkCore.DbFunctions,System.DateTime,System.DateTime)">
            <summary>
                Counts the number of minute boundaries crossed between the startDate and endDate.
                Corresponds to TIMESTAMPDIFF(MINUTE,startDate,endDate).
            </summary>
            <param name="_">The DbFunctions instance.</param>
            <param name="startDate">Starting date for the calculation.</param>
            <param name="endDate">Ending date for the calculation.</param>
            <returns>Number of minute boundaries crossed between the dates.</returns>
        </member>
        <member name="M:MySql.EntityFrameworkCore.Extensions.MySQLDbFunctionsExtensions.DateDiffMinute(Microsoft.EntityFrameworkCore.DbFunctions,System.Nullable{System.DateTime},System.Nullable{System.DateTime})">
            <summary>
                Counts the number of minute boundaries crossed between the startDate and endDate.
                Corresponds to TIMESTAMPDIFF(MINUTE,startDate,endDate).
            </summary>
            <param name="_">The DbFunctions instance.</param>
            <param name="startDate">Starting date for the calculation.</param>
            <param name="endDate">Ending date for the calculation.</param>
            <returns>Number of minute boundaries crossed between the dates.</returns>
        </member>
        <member name="M:MySql.EntityFrameworkCore.Extensions.MySQLDbFunctionsExtensions.DateDiffMinute(Microsoft.EntityFrameworkCore.DbFunctions,System.DateTimeOffset,System.DateTimeOffset)">
            <summary>
                Counts the number of minute boundaries crossed between the startDate and endDate.
                Corresponds to TIMESTAMPDIFF(MINUTE,startDate,endDate).
            </summary>
            <param name="_">The DbFunctions instance.</param>
            <param name="startDate">Starting date for the calculation.</param>
            <param name="endDate">Ending date for the calculation.</param>
            <returns>Number of minute boundaries crossed between the dates.</returns>
        </member>
        <member name="M:MySql.EntityFrameworkCore.Extensions.MySQLDbFunctionsExtensions.DateDiffMinute(Microsoft.EntityFrameworkCore.DbFunctions,System.Nullable{System.DateTimeOffset},System.Nullable{System.DateTimeOffset})">
            <summary>
                Counts the number of minute boundaries crossed between the startDate and endDate.
                Corresponds to TIMESTAMPDIFF(MINUTE,startDate,endDate).
            </summary>
            <param name="_">The DbFunctions instance.</param>
            <param name="startDate">Starting date for the calculation.</param>
            <param name="endDate">Ending date for the calculation.</param>
            <returns>Number of minute boundaries crossed between the dates.</returns>
        </member>
        <member name="M:MySql.EntityFrameworkCore.Extensions.MySQLDbFunctionsExtensions.DateDiffSecond(Microsoft.EntityFrameworkCore.DbFunctions,System.DateTime,System.DateTime)">
            <summary>
                Counts the number of second boundaries crossed between the startDate and endDate.
                Corresponds to TIMESTAMPDIFF(SECOND,startDate,endDate).
            </summary>
            <param name="_">The DbFunctions instance.</param>
            <param name="startDate">Starting date for the calculation.</param>
            <param name="endDate">Ending date for the calculation.</param>
            <returns>Number of second boundaries crossed between the dates.</returns>
        </member>
        <member name="M:MySql.EntityFrameworkCore.Extensions.MySQLDbFunctionsExtensions.DateDiffSecond(Microsoft.EntityFrameworkCore.DbFunctions,System.Nullable{System.DateTime},System.Nullable{System.DateTime})">
            <summary>
                Counts the number of second boundaries crossed between the startDate and endDate.
                Corresponds to TIMESTAMPDIFF(SECOND,startDate,endDate).
            </summary>
            <param name="_">The DbFunctions instance.</param>
            <param name="startDate">Starting date for the calculation.</param>
            <param name="endDate">Ending date for the calculation.</param>
            <returns>Number of second boundaries crossed between the dates.</returns>
        </member>
        <member name="M:MySql.EntityFrameworkCore.Extensions.MySQLDbFunctionsExtensions.DateDiffSecond(Microsoft.EntityFrameworkCore.DbFunctions,System.DateTimeOffset,System.DateTimeOffset)">
            <summary>
                Counts the number of second boundaries crossed between the startDate and endDate.
                Corresponds to TIMESTAMPDIFF(SECOND,startDate,endDate).
            </summary>
            <param name="_">The DbFunctions instance.</param>
            <param name="startDate">Starting date for the calculation.</param>
            <param name="endDate">Ending date for the calculation.</param>
            <returns>Number of second boundaries crossed between the dates.</returns>
        </member>
        <member name="M:MySql.EntityFrameworkCore.Extensions.MySQLDbFunctionsExtensions.DateDiffSecond(Microsoft.EntityFrameworkCore.DbFunctions,System.Nullable{System.DateTimeOffset},System.Nullable{System.DateTimeOffset})">
            <summary>
                Counts the number of second boundaries crossed between the startDate and endDate.
                Corresponds to TIMESTAMPDIFF(SECOND,startDate,endDate).
            </summary>
            <param name="_">The DbFunctions instance.</param>
            <param name="startDate">Starting date for the calculation.</param>
            <param name="endDate">Ending date for the calculation.</param>
            <returns>Number of second boundaries crossed between the dates.</returns>
        </member>
        <member name="M:MySql.EntityFrameworkCore.Extensions.MySQLDbFunctionsExtensions.DateDiffMicrosecond(Microsoft.EntityFrameworkCore.DbFunctions,System.DateTime,System.DateTime)">
            <summary>
                Counts the number of microsecond boundaries crossed between the startDate and endDate.
                Corresponds to TIMESTAMPDIFF(MICROSECOND,startDate,endDate).
            </summary>
            <param name="_">The DbFunctions instance.</param>
            <param name="startDate">Starting date for the calculation.</param>
            <param name="endDate">Ending date for the calculation.</param>
            <returns>Number of microsecond boundaries crossed between the dates.</returns>
        </member>
        <member name="M:MySql.EntityFrameworkCore.Extensions.MySQLDbFunctionsExtensions.DateDiffMicrosecond(Microsoft.EntityFrameworkCore.DbFunctions,System.Nullable{System.DateTime},System.Nullable{System.DateTime})">
            <summary>
                Counts the number of microsecond boundaries crossed between the startDate and endDate.
                Corresponds to TIMESTAMPDIFF(MICROSECOND,startDate,endDate).
            </summary>
            <param name="_">The DbFunctions instance.</param>
            <param name="startDate">Starting date for the calculation.</param>
            <param name="endDate">Ending date for the calculation.</param>
            <returns>Number of microsecond boundaries crossed between the dates.</returns>
        </member>
        <member name="M:MySql.EntityFrameworkCore.Extensions.MySQLDbFunctionsExtensions.DateDiffMicrosecond(Microsoft.EntityFrameworkCore.DbFunctions,System.DateTimeOffset,System.DateTimeOffset)">
            <summary>
                Counts the number of microsecond boundaries crossed between the startDate and endDate.
                Corresponds to TIMESTAMPDIFF(MICROSECOND,startDate,endDate).
            </summary>
            <param name="_">The DbFunctions instance.</param>
            <param name="startDate">Starting date for the calculation.</param>
            <param name="endDate">Ending date for the calculation.</param>
            <returns>Number of microsecond boundaries crossed between the dates.</returns>
        </member>
        <member name="M:MySql.EntityFrameworkCore.Extensions.MySQLDbFunctionsExtensions.DateDiffMicrosecond(Microsoft.EntityFrameworkCore.DbFunctions,System.Nullable{System.DateTimeOffset},System.Nullable{System.DateTimeOffset})">
            <summary>
                Counts the number of microsecond boundaries crossed between the startDate and endDate.
                Corresponds to TIMESTAMPDIFF(MICROSECOND,startDate,endDate).
            </summary>
            <param name="_">The DbFunctions instance.</param>
            <param name="startDate">Starting date for the calculation.</param>
            <param name="endDate">Ending date for the calculation.</param>
            <returns>Number of microsecond boundaries crossed between the dates.</returns>
        </member>
        <member name="M:MySql.EntityFrameworkCore.Extensions.MySQLDbFunctionsExtensions.Like``1(Microsoft.EntityFrameworkCore.DbFunctions,``0,System.String)">
            <summary>
                <para>
                    An implementation of the SQL LIKE operation. In relational databases this is usually directly
                    translated to SQL.
                </para>
                <para>
                    Note that if this function is translated into SQL, then the semantics of the comparison 
                    depends on the database configuration. In particular, it may be either case-sensitive or
                    case-insensitive. If this function is evaluated on the client, then it always uses
                    a case-insensitive comparison.
                </para>
            </summary>
            <param name="_">The DbFunctions instance.</param>
            <param name="matchExpression">The property of entity that is to be matched.</param>
            <param name="pattern">A pattern that may involve wildcards %,_,[,],^.</param>
            <returns><see langword="true"/> if there is a match; otherwise, <see langword="false"/>.</returns>
        </member>
        <member name="M:MySql.EntityFrameworkCore.Extensions.MySQLDbFunctionsExtensions.Like``1(Microsoft.EntityFrameworkCore.DbFunctions,``0,System.String,System.String)">
            <summary>
                <para>
                    An implementation of the SQL LIKE operation. In relational databases, this is usually directly
                    translated to SQL.
                </para>
                <para>
                    Note that if this function is translated into SQL, then the semantics of the comparison
                    depends on the database configuration. In particular, it may be either case-sensitive or
                    case-insensitive. If this function is evaluated on the client, then it always uses
                    a case-insensitive comparison.
                </para>
            </summary>
            <param name="_">The DbFunctions instance.</param>
            <param name="matchExpression">The property of entity that is to be matched.</param>
            <param name="pattern">A pattern that may involve wildcards %,_,[,],^.</param>
            <param name="escapeCharacter">
                The escape character (as a single character string) to use in front of %,_,[,],^
                if they are not used as wildcards.
            </param>
            <returns><see langword="true"/> if there is a match; otherwise, <see langword="false"/>.</returns>
        </member>
        <member name="T:MySql.EntityFrameworkCore.Extensions.MySQLIndexExtensions">
            <summary>
                Extension methods for <see cref="T:Microsoft.EntityFrameworkCore.Metadata.IIndex" /> for SQL Server-specific metadata.
            </summary>
        </member>
        <member name="M:MySql.EntityFrameworkCore.Extensions.MySQLIndexExtensions.IsFullText(Microsoft.EntityFrameworkCore.Metadata.IIndex)">
            <summary>
                Returns a value indicating whether the index is full text.
            </summary>
            <param name="index">The index.</param>
            <returns><see langword="true"/> if the index is clustered; otherwise, <see langword="false"/>.</returns>
        </member>
        <member name="M:MySql.EntityFrameworkCore.Extensions.MySQLIndexExtensions.SetIsFullText(Microsoft.EntityFrameworkCore.Metadata.IMutableIndex,System.Nullable{System.Boolean})">
            <summary>
                Sets a value indicating whether the index is full text.
            </summary>
            <param name="value">The value to set.</param>
            <param name="index">The index.</param>
        </member>
        <member name="M:MySql.EntityFrameworkCore.Extensions.MySQLIndexExtensions.SetIsFullText(Microsoft.EntityFrameworkCore.Metadata.IConventionIndex,System.Nullable{System.Boolean},System.Boolean)">
            <summary>
                Sets a value indicating whether the index is full text.
            </summary>
            <param name="value">The value to set.</param>
            <param name="index">The index.</param>
            <param name="fromDataAnnotation">Indicates whether the configuration was specified using a data annotation.</param>
        </member>
        <member name="M:MySql.EntityFrameworkCore.Extensions.MySQLIndexExtensions.GetIsFullTextConfigurationSource(Microsoft.EntityFrameworkCore.Metadata.IConventionIndex)">
            <summary>
                Returns the <see cref="T:Microsoft.EntityFrameworkCore.Metadata.ConfigurationSource" /> for whether the index is full text.
            </summary>
            <param name="property">The property.</param>
            <returns>The <see cref="T:Microsoft.EntityFrameworkCore.Metadata.ConfigurationSource" /> for whether the index is full text.</returns>
        </member>
        <member name="M:MySql.EntityFrameworkCore.Extensions.MySQLIndexExtensions.IsSpatial(Microsoft.EntityFrameworkCore.Metadata.IIndex)">
            <summary>
                Returns a value indicating whether the index is spartial.
            </summary>
            <param name="index">The index.</param>
            <returns><see langword="true"/> if the index is clustered; otherwise, <see langword="false"/></returns>
        </member>
        <member name="M:MySql.EntityFrameworkCore.Extensions.MySQLIndexExtensions.SetIsSpatial(Microsoft.EntityFrameworkCore.Metadata.IMutableIndex,System.Nullable{System.Boolean})">
            <summary>
                Sets a value indicating whether the index is spartial.
            </summary>
            <param name="value">The value to set.</param>
            <param name="index">The index.</param>
        </member>
        <member name="M:MySql.EntityFrameworkCore.Extensions.MySQLIndexExtensions.SetIsSpatial(Microsoft.EntityFrameworkCore.Metadata.IConventionIndex,System.Nullable{System.Boolean},System.Boolean)">
            <summary>
                Sets a value indicating whether the index is spartial.
            </summary>
            <param name="value">The value to set.</param>
            <param name="index">The index.</param>
            <param name="fromDataAnnotation"> Indicates whether the configuration was specified using a data annotation.</param>
        </member>
        <member name="M:MySql.EntityFrameworkCore.Extensions.MySQLIndexExtensions.GetIsSpatialConfigurationSource(Microsoft.EntityFrameworkCore.Metadata.IConventionIndex)">
            <summary>
                Indicates whether the index is spatial.
            </summary>
            <param name="property">The property.</param>
            <returns>The <see cref="T:Microsoft.EntityFrameworkCore.Metadata.ConfigurationSource" /> to show if the index is spartial.</returns>
        </member>
        <member name="T:MySql.EntityFrameworkCore.Extensions.MySQLMigrationBuilderExtensions">
            <summary>
                MySQL extension methods for <see cref="T:Microsoft.EntityFrameworkCore.Migrations.MigrationBuilder" />.
            </summary>
        </member>
        <member name="M:MySql.EntityFrameworkCore.Extensions.MySQLMigrationBuilderExtensions.IsMySql(Microsoft.EntityFrameworkCore.Migrations.MigrationBuilder)">
            <summary>
            Indicates whether the database provider currently in use is the MySQL Server provider.
            </summary>
            <param name="migrationBuilder">The migrationBuilder from the parameters on <see cref="M:Microsoft.EntityFrameworkCore.Migrations.Migration.Up(Microsoft.EntityFrameworkCore.Migrations.MigrationBuilder)" /> 
            or <see cref="M:Microsoft.EntityFrameworkCore.Migrations.Migration.Down(Microsoft.EntityFrameworkCore.Migrations.MigrationBuilder)" />.</param>
            <returns><see langword="true"/> if SQL Server is being used; otherwise, <see langword="false"/>.</returns>
        </member>
        <member name="T:MySql.EntityFrameworkCore.Extensions.MySQLModelExtensions">
            <summary>
                Extension methods for <see cref="T:Microsoft.EntityFrameworkCore.Metadata.IModel" /> for SQL Server-specific metadata.
            </summary>
        </member>
        <member name="M:MySql.EntityFrameworkCore.Extensions.MySQLModelExtensions.GetValueGenerationStrategy(Microsoft.EntityFrameworkCore.Metadata.IModel)">
            <summary>
                Returns the <see cref="T:MySql.EntityFrameworkCore.Metadata.MySQLValueGenerationStrategy" /> to use for properties
                of keys in the model, unless the property has a strategy explicitly set.
            </summary>
            <param name="model"> The model. </param>
            <returns> The default <see cref="T:MySql.EntityFrameworkCore.Metadata.MySQLValueGenerationStrategy" />. </returns>
        </member>
        <member name="M:MySql.EntityFrameworkCore.Extensions.MySQLModelExtensions.SetValueGenerationStrategy(Microsoft.EntityFrameworkCore.Metadata.IMutableModel,System.Nullable{MySql.EntityFrameworkCore.Metadata.MySQLValueGenerationStrategy})">
            <summary>
                Attempts to set the <see cref="T:MySql.EntityFrameworkCore.Metadata.MySQLValueGenerationStrategy" /> to use for properties
                of keys in the model that do not have a strategy explicitly set.
            </summary>
            <param name="model"> The model. </param>
            <param name="value"> The value to set. </param>
        </member>
        <member name="M:MySql.EntityFrameworkCore.Extensions.MySQLModelExtensions.SetValueGenerationStrategy(Microsoft.EntityFrameworkCore.Metadata.IConventionModel,System.Nullable{MySql.EntityFrameworkCore.Metadata.MySQLValueGenerationStrategy},System.Boolean)">
            <summary>
                Attempts to set the <see cref="T:MySql.EntityFrameworkCore.Metadata.MySQLValueGenerationStrategy" /> to use for properties
                of keys in the model that do not have a strategy explicitly set.
            </summary>
            <param name="model"> The model. </param>
            <param name="value"> The value to set. </param>
            <param name="fromDataAnnotation"> Indicates whether the configuration was specified using a data annotation. </param>
        </member>
        <member name="M:MySql.EntityFrameworkCore.Extensions.MySQLModelExtensions.GetValueGenerationStrategyConfigurationSource(Microsoft.EntityFrameworkCore.Metadata.IConventionModel)">
            <summary>
                Returns the <see cref="T:Microsoft.EntityFrameworkCore.Metadata.ConfigurationSource" /> for the default <see cref="T:MySql.EntityFrameworkCore.Metadata.MySQLValueGenerationStrategy" />.
            </summary>
            <param name="model"> The model. </param>
            <returns> The <see cref="T:Microsoft.EntityFrameworkCore.Metadata.ConfigurationSource" /> for the default <see cref="T:MySql.EntityFrameworkCore.Metadata.MySQLValueGenerationStrategy" />. </returns>
        </member>
        <member name="T:MySql.EntityFrameworkCore.Extensions.MySQLPropertyBuilderExtensions">
            <summary>
            Represents the implementation of MySQL property-builder extensions used in Fluent API.
            </summary>
        </member>
        <member name="M:MySql.EntityFrameworkCore.Extensions.MySQLPropertyBuilderExtensions.UseMySQLAutoIncrementColumn(Microsoft.EntityFrameworkCore.Metadata.Builders.PropertyBuilder,System.String)">
            <summary>
            Defines a MySQL auto-increment column.
            </summary>
            <param name="propertyBuilder">Entity property to be set.</param>
            <param name="typeName">MySQL column type as string.</param>
            <returns>Property builder of the auto-increment column.</returns>
        </member>
        <member name="M:MySql.EntityFrameworkCore.Extensions.MySQLPropertyBuilderExtensions.ForMySQLHasDefaultValueSql(Microsoft.EntityFrameworkCore.Metadata.Builders.PropertyBuilder,System.String)">
            <summary>
            Defines a column default value expression.
            </summary>
            <param name="propertyBuilder">Entity property to be set.</param>
            <param name="sql">Default value expression.</param>
            <returns>Property builder of a MySQL column with a default value.</returns>
        </member>
        <member name="M:MySql.EntityFrameworkCore.Extensions.MySQLPropertyBuilderExtensions.ForMySQLHasDefaultValue(Microsoft.EntityFrameworkCore.Metadata.Builders.PropertyBuilder,System.Object)">
            <summary>
            Defines a column default value.
            </summary>
            <param name="propertyBuilder">Entity property to be set.</param>
            <param name="sql">Default value.</param>
            <returns>Property builder of a MySQL column with a default value.</returns>
        </member>
        <member name="M:MySql.EntityFrameworkCore.Extensions.MySQLPropertyBuilderExtensions.ForMySQLHasCharset(Microsoft.EntityFrameworkCore.Metadata.Builders.PropertyBuilder,System.String)">
            <summary>
            Adds the character set to an entity property.
            </summary>
            <param name="propertyBuilder">Property builder.</param>
            <param name="charset">MySQL character set to use.</param>
            <returns>Property builder with a character set.</returns>
        </member>
        <member name="M:MySql.EntityFrameworkCore.Extensions.MySQLPropertyBuilderExtensions.ForMySQLHasCharset(Microsoft.EntityFrameworkCore.Metadata.Builders.EntityTypeBuilder,System.String)">
            <summary>
            Adds the character set to an entity.
            </summary>
            <param name="entityTypeBuilder">Entity type builder.</param>
            <param name="charset">MySQL character set to use.</param>
            <returns>Entity type builder with a character set.</returns>
        </member>
        <member name="M:MySql.EntityFrameworkCore.Extensions.MySQLPropertyBuilderExtensions.ForMySQLHasCollation(Microsoft.EntityFrameworkCore.Metadata.Builders.PropertyBuilder,System.String)">
            <summary>
            Adds the collation to an entity property.
            </summary>
            <param name="propertyBuilder">Property builder.</param>
            <param name="collation">MySQL collation to use.</param>
            <returns>Property builder with a collation.</returns>
        </member>
        <member name="M:MySql.EntityFrameworkCore.Extensions.MySQLPropertyBuilderExtensions.ForMySQLHasCollation(Microsoft.EntityFrameworkCore.Metadata.Builders.EntityTypeBuilder,System.String)">
            <summary>
            Adds the collation to an entity.
            </summary>
            <param name="entityTypeBuilder">Entity type builder.</param>
            <param name="collation">MySQL collation to use.</param>
            <returns>Entity type builder with a collation.</returns>
        </member>
        <member name="T:MySql.EntityFrameworkCore.Extensions.MySQLPropertyExtensions">
            <summary>
                Extension methods for <see cref="T:Microsoft.EntityFrameworkCore.Metadata.IProperty" /> for MySQL Server metadata.
            </summary>
        </member>
        <member name="M:MySql.EntityFrameworkCore.Extensions.MySQLPropertyExtensions.GetValueGenerationStrategy(Microsoft.EntityFrameworkCore.Metadata.IProperty,Microsoft.EntityFrameworkCore.Metadata.StoreObjectIdentifier)">
            <summary>
                <para>
                    Returns the <see cref="T:MySql.EntityFrameworkCore.Metadata.MySQLValueGenerationStrategy" /> to use for the property.
                </para>
                <para>
                    If no strategy is set for the property, then the strategy to use will be taken from the <see cref="T:Microsoft.EntityFrameworkCore.Metadata.IModel" />.
                </para>
            </summary>
            <returns> The strategy, or <see cref="!:SqlServerValueGenerationStrategy.None" /> if none was set. </returns>
        </member>
        <member name="M:MySql.EntityFrameworkCore.Extensions.MySQLPropertyExtensions.IsCompatibleIdentityColumn(Microsoft.EntityFrameworkCore.Metadata.IProperty)">
            <summary>
            Indicates whether the property is compatible with <see cref="F:MySql.EntityFrameworkCore.Metadata.MySQLValueGenerationStrategy.IdentityColumn"/>.
            </summary>
            <param name="property"> The property. </param>
            <returns><see langword="true"/> if compatible; otherwise, <see langword="false"/>.</returns>
        </member>
        <member name="M:MySql.EntityFrameworkCore.Extensions.MySQLPropertyExtensions.IsCompatibleComputedColumn(Microsoft.EntityFrameworkCore.Metadata.IProperty)">
            <summary>
            Indicates whether the property is compatible with <see cref="F:MySql.EntityFrameworkCore.Metadata.MySQLValueGenerationStrategy.ComputedColumn"/>.
            </summary>
            <param name="property"> The property. </param>
            <returns><see langword="true"/> if compatible; otherwise, <see langword="false"/>.</returns>
        </member>
        <member name="T:MySql.EntityFrameworkCore.Extensions.MySQLServiceCollectionExtensions">
            <summary>
            MySQL extension class for <see cref="T:Microsoft.Extensions.DependencyInjection.IServiceCollection" />.
            </summary>
        </member>
        <member name="M:MySql.EntityFrameworkCore.Extensions.MySQLServiceCollectionExtensions.AddEntityFrameworkMySQL(Microsoft.Extensions.DependencyInjection.IServiceCollection)">
            <summary>
                <para>
                    Adds the services required by the Microsoft SQL Server database provider for Entity Framework
                    to an <see cref="T:Microsoft.Extensions.DependencyInjection.IServiceCollection" />.
                </para>
                <para>
                    Calling this method is no longer necessary when building most applications, including those that
                    use dependency injection in ASP.NET or elsewhere.
                    It is only needed when building the internal service provider for use with
                    the <see cref="!:DbContextOptionsBuilder.UseInternalServiceProvider" /> method.
                    This is not recommended other than for some advanced scenarios.
                </para>
            </summary>
            <param name="serviceCollection"> The <see cref="T:Microsoft.Extensions.DependencyInjection.IServiceCollection" /> to add services to. </param>
            <returns>
                The same service collection so that multiple calls can be chained.
            </returns>
        </member>
        <member name="T:MySql.EntityFrameworkCore.Infrastructure.Internal.IMySQLOptions">
            <summary>
            Options to set on the provider.
            </summary>
        </member>
        <member name="T:MySql.EntityFrameworkCore.Infrastructure.Internal.MySQLOptionsExtension">
            <summary>
            Represents the <see cref="T:Microsoft.EntityFrameworkCore.Infrastructure.RelationalOptionsExtension"/> implementation for MySQL.
            </summary>
        </member>
        <member name="P:MySql.EntityFrameworkCore.Infrastructure.Internal.MySQLOptionsExtension.Info">
            <inheritdoc />
        </member>
        <member name="M:MySql.EntityFrameworkCore.Infrastructure.Internal.MySQLOptionsExtension.Clone">
            <inheritdoc />
        </member>
        <member name="M:MySql.EntityFrameworkCore.Infrastructure.Internal.MySQLOptionsExtension.WithCharSet(MySql.Data.MySqlClient.CharacterSet)">
            <summary>
            Returns a copy of the current instance configured with the specified character set.
            </summary>
        </member>
        <member name="M:MySql.EntityFrameworkCore.Infrastructure.Internal.MySQLOptionsExtension.ApplyServices(Microsoft.Extensions.DependencyInjection.IServiceCollection)">
            <inheritdoc />
        </member>
        <member name="T:MySql.EntityFrameworkCore.Infrastructure.MySQLDbContextOptionsBuilder">
            <summary>
            Represents the <see cref="T:Microsoft.EntityFrameworkCore.Infrastructure.RelationalDbContextOptionsBuilder`2" /> implementation for MySQL.
            </summary>
        </member>
        <member name="M:MySql.EntityFrameworkCore.Infrastructure.MySQLDbContextOptionsBuilder.#ctor(Microsoft.EntityFrameworkCore.DbContextOptionsBuilder)">
            <summary>
                Initializes a new instance of the <see cref="T:MySql.EntityFrameworkCore.Infrastructure.MySQLDbContextOptionsBuilder" /> class.
            </summary>
            <param name="optionsBuilder"> The options builder. </param>
        </member>
        <member name="M:MySql.EntityFrameworkCore.Internal.MySQLModelValidator.Validate(Microsoft.EntityFrameworkCore.Metadata.IModel,Microsoft.EntityFrameworkCore.Diagnostics.IDiagnosticsLogger{Microsoft.EntityFrameworkCore.DbLoggerCategory.Model.Validation})">
            <inheritdoc/>
        </member>
        <member name="T:MySql.EntityFrameworkCore.Metadata.Conventions.MySqlCharsetAttributeConvention">
            <summary>
            Represents a charset attribute for a property.
            </summary>
        </member>
        <member name="M:MySql.EntityFrameworkCore.Metadata.Conventions.MySqlCharsetAttributeConvention.#ctor(Microsoft.EntityFrameworkCore.Metadata.Conventions.Infrastructure.ProviderConventionSetBuilderDependencies)">
            <summary>
                Creates a new instance of <see cref="T:Microsoft.EntityFrameworkCore.Metadata.Conventions.PropertyAttributeConventionBase`1" />.
            </summary>
            <param name="dependencies"> Parameter object containing dependencies for this convention. </param>
        </member>
        <member name="T:MySql.EntityFrameworkCore.Metadata.Conventions.MySqlCollationAttributeConvention">
            <summary>
            Represents a collation attribute for a property.
            </summary>
        </member>
        <member name="M:MySql.EntityFrameworkCore.Metadata.Conventions.MySqlCollationAttributeConvention.#ctor(Microsoft.EntityFrameworkCore.Metadata.Conventions.Infrastructure.ProviderConventionSetBuilderDependencies)">
            <summary>
                Creates a new instance of <see cref="T:Microsoft.EntityFrameworkCore.Metadata.Conventions.PropertyAttributeConventionBase`1" />.
            </summary>
            <param name="dependencies"> Parameter object containing dependencies for this convention. </param>
        </member>
        <member name="T:MySql.EntityFrameworkCore.Metadata.Conventions.MySQLConventionSetBuilder">
            <summary>
                <para>
                    A convention set builder for MySQL.
                </para>
                <para>
                    The service lifetime is <see cref="F:Microsoft.Extensions.DependencyInjection.ServiceLifetime.Scoped" /> and multiple registrations
                    are allowed. This means that each <see cref="T:Microsoft.EntityFrameworkCore.DbContext" /> instance will use its own
                    set of instances of this service.
                    The implementations may depend on other services registered with any lifetime.
                    The implementations do not need to be thread-safe.
                </para>
            </summary>
        </member>
        <member name="M:MySql.EntityFrameworkCore.Metadata.Conventions.MySQLConventionSetBuilder.CreateConventionSet">
            <summary>
            Builds and returns the convention set for MySQL.
            </summary>
            <returns> The convention set for MySQL. </returns>
        </member>
        <member name="M:MySql.EntityFrameworkCore.Metadata.Conventions.MySQLConventionSetBuilder.Build">
            <summary>
            <para>
            Call this method to build a <see cref="T:Microsoft.EntityFrameworkCore.Metadata.Conventions.ConventionSet" /> for MySQL Server when using
            the <see cref="T:Microsoft.EntityFrameworkCore.ModelBuilder" /> outside of <see cref="M:Microsoft.EntityFrameworkCore.DbContext.OnModelCreating(Microsoft.EntityFrameworkCore.ModelBuilder)" />.
            </para>
            <para>
            Note that it is unusual to use this method.
            Consider using <see cref="T:Microsoft.EntityFrameworkCore.DbContext" /> in the normal way instead.
            </para>
            </summary>
            <returns> The convention set. </returns>
        </member>
        <member name="T:MySql.EntityFrameworkCore.Metadata.Conventions.MySqlEntityCharsetAttributeConvention">
            <summary>
            Represents a charset attribute for an entity.
            </summary>
        </member>
        <member name="M:MySql.EntityFrameworkCore.Metadata.Conventions.MySqlEntityCharsetAttributeConvention.#ctor(Microsoft.EntityFrameworkCore.Metadata.Conventions.Infrastructure.ProviderConventionSetBuilderDependencies)">
            <summary>
                Creates a new instance of <see cref="T:Microsoft.EntityFrameworkCore.Metadata.Conventions.PropertyAttributeConventionBase`1" />.
            </summary>
            <param name="dependencies"> Parameter object containing dependencies for this convention. </param>
        </member>
        <member name="T:MySql.EntityFrameworkCore.Metadata.Conventions.MySqlEntityCollationAttributeConvention">
            <summary>
            Represents a collation attribute for an entity.
            </summary>
        </member>
        <member name="M:MySql.EntityFrameworkCore.Metadata.Conventions.MySqlEntityCollationAttributeConvention.#ctor(Microsoft.EntityFrameworkCore.Metadata.Conventions.Infrastructure.ProviderConventionSetBuilderDependencies)">
            <summary>
                Creates a new instance of <see cref="T:Microsoft.EntityFrameworkCore.Metadata.Conventions.EntityTypeAttributeConventionBase`1" />.
            </summary>
            <param name="dependencies"> Parameter object containing dependencies for this convention. </param>
        </member>
        <member name="T:MySql.EntityFrameworkCore.Metadata.Conventions.MySQLValueGenerationConvention">
            <summary>
                A convention that configures store value generation as <see cref="F:Microsoft.EntityFrameworkCore.Metadata.ValueGenerated.OnAdd"/> on properties that are
                part of the primary key and not part of any foreign keys, are configured to have a database default value, or are 
                configured to use a <see cref="!:SqlServerValueGenerationStrategy"/>.
                It also configures properties as <see cref="F:Microsoft.EntityFrameworkCore.Metadata.ValueGenerated.OnAddOrUpdate"/> if they are configured as computed columns.
            </summary>
        </member>
        <member name="M:MySql.EntityFrameworkCore.Metadata.Conventions.MySQLValueGenerationConvention.#ctor(Microsoft.EntityFrameworkCore.Metadata.Conventions.Infrastructure.ProviderConventionSetBuilderDependencies,Microsoft.EntityFrameworkCore.Metadata.Conventions.Infrastructure.RelationalConventionSetBuilderDependencies)">
            <summary>
            Creates a new instance of <see cref="T:MySql.EntityFrameworkCore.Metadata.Conventions.MySQLValueGenerationConvention" />.
            </summary>
            <param name="dependencies"> Parameter object containing dependencies for this convention. </param>
            <param name="relationalDependencies">  Parameter object containing relational dependencies for this convention. </param>
        </member>
        <member name="M:MySql.EntityFrameworkCore.Metadata.Conventions.MySQLValueGenerationConvention.ProcessPropertyAnnotationChanged(Microsoft.EntityFrameworkCore.Metadata.Builders.IConventionPropertyBuilder,System.String,Microsoft.EntityFrameworkCore.Metadata.IConventionAnnotation,Microsoft.EntityFrameworkCore.Metadata.IConventionAnnotation,Microsoft.EntityFrameworkCore.Metadata.Conventions.IConventionContext{Microsoft.EntityFrameworkCore.Metadata.IConventionAnnotation})">
            <summary>
            Called after an annotation is changed on a property.
            </summary>
            <param name="propertyBuilder"> The builder for the property. </param>
            <param name="name"> The annotation name. </param>
            <param name="annotation"> The new annotation. </param>
            <param name="oldAnnotation"> The old annotation.  </param>
            <param name="context"> Additional information associated with convention execution. </param>
        </member>
        <member name="M:MySql.EntityFrameworkCore.Metadata.Conventions.MySQLValueGenerationConvention.GetValueGenerated(Microsoft.EntityFrameworkCore.Metadata.IConventionProperty)">
            <summary>
            Indicates the store value generation strategy to set for the given property.
            </summary>
            <param name="property"> The property. </param>
            <returns> The store value generation strategy to set for the given property. </returns>
        </member>
        <member name="M:MySql.EntityFrameworkCore.Metadata.Conventions.MySQLValueGenerationConvention.GetValueGenerated(Microsoft.EntityFrameworkCore.Metadata.IProperty)">
            <summary>
            Indicates the store value generation strategy to set for the given property.
            </summary>
            <param name="property"> The property. </param>
            <returns> The store value generation strategy to set for the given property. </returns>
        </member>
        <member name="T:MySql.EntityFrameworkCore.Metadata.Conventions.MySQLValueGenerationStrategyConvention">
            <summary>
            A convention that configures the default model <see cref="T:MySql.EntityFrameworkCore.Metadata.MySQLValueGenerationStrategy"/> as
            <see cref="F:MySql.EntityFrameworkCore.Metadata.MySQLValueGenerationStrategy.IdentityColumn"/>.
            </summary>
        </member>
        <member name="P:MySql.EntityFrameworkCore.Metadata.Conventions.MySQLValueGenerationStrategyConvention.Dependencies">
            <summary>
            Parameter object containing service dependencies.
            </summary>
        </member>
        <member name="M:MySql.EntityFrameworkCore.Metadata.Conventions.MySQLValueGenerationStrategyConvention.#ctor(Microsoft.EntityFrameworkCore.Metadata.Conventions.Infrastructure.ProviderConventionSetBuilderDependencies,Microsoft.EntityFrameworkCore.Metadata.Conventions.Infrastructure.RelationalConventionSetBuilderDependencies)">
            <summary>
            Creates a new instance of <see cref="T:MySql.EntityFrameworkCore.Metadata.Conventions.MySQLValueGenerationStrategyConvention" />.
            </summary>
            <param name="dependencies"> Parameter object containing dependencies for this convention. </param>
            <param name="relationalDependencies">  Parameter object containing relational dependencies for this convention. </param>
        </member>
        <member name="T:MySql.EntityFrameworkCore.Metadata.Internal.MySQLAnnotationNames">
            <summary>
            Names for MySQL annotations.
            </summary>
        </member>
        <member name="T:MySql.EntityFrameworkCore.Metadata.MySQLValueGenerationStrategy">
            <summary>
                Defines two strategies to use across the EF Core stack when generating key values
                from MySQL Server database columns.
            </summary>
        </member>
        <member name="F:MySql.EntityFrameworkCore.Metadata.MySQLValueGenerationStrategy.None">
            <summary>
              No specific MySQL Server strategy
            </summary>
        </member>
        <member name="F:MySql.EntityFrameworkCore.Metadata.MySQLValueGenerationStrategy.IdentityColumn">
            <summary>
              A pattern that uses a standard MySQL Server <c>Identity</c> column in the same way as EF6 and previous frameworks.
            </summary>
        </member>
        <member name="F:MySql.EntityFrameworkCore.Metadata.MySQLValueGenerationStrategy.ComputedColumn">
            <summary>
              Values of a generated column are computed from an expression included in the column definition.
            </summary>
        </member>
        <member name="T:MySql.EntityFrameworkCore.Migrations.Internal.MySQLHistoryRepository">
            <summary>
                <para>
                    The service lifetime is <see cref="!:ServiceLifetime.Scoped" />. This means that each
                    <see cref="!:DbContext" /> instance will use its own instance of this service.
                    The implementation may depend on other services registered with any lifetime.
                    The implementation does not need to be thread-safe.
                </para>
            </summary>
        </member>
        <member name="T:MySql.EntityFrameworkCore.Migrations.Internal.MySQLMigrationsAnnotationProvider">
            <summary>
                <para>
                    The service lifetime is <see cref="!:ServiceLifetime.Singleton" />. This means a single instance
                    is used by many <see cref="!:DbContext" /> instances. The implementation must be thread-safe.
                    This service cannot depend on services registered as <see cref="!:ServiceLifetime.Scoped" />.
                </para>
            </summary>
        </member>
        <member name="M:MySql.EntityFrameworkCore.Migrations.Internal.MySQLMigrationsAnnotationProvider.#ctor(Microsoft.EntityFrameworkCore.Metadata.RelationalAnnotationProviderDependencies)">
            <summary>
                Initializes a new instance of this class.
            </summary>
            <param name="dependencies"> Parameter object containing dependencies for this service. </param>
        </member>
        <member name="M:MySql.EntityFrameworkCore.Migrations.Internal.MySQLMigrationsAnnotationProvider.For(Microsoft.EntityFrameworkCore.Metadata.IRelationalModel)">
            <inheritdoc/>
        </member>
        <member name="M:MySql.EntityFrameworkCore.Migrations.Internal.MySQLMigrationsAnnotationProvider.For(Microsoft.EntityFrameworkCore.Metadata.ITable)">
            <inheritdoc/>
        </member>
        <member name="M:MySql.EntityFrameworkCore.Migrations.Internal.MySQLMigrationsAnnotationProvider.For(Microsoft.EntityFrameworkCore.Metadata.ITableIndex)">
            <inheritdoc/>
        </member>
        <member name="T:MySql.EntityFrameworkCore.Migrations.MySQLMigrationsSqlGenerator">
            <summary>
            MigrationSqlGenerator implementation for MySQL
            </summary>
        </member>
        <member name="M:MySql.EntityFrameworkCore.Migrations.MySQLMigrationsSqlGenerator.ColumnDefinition(Microsoft.EntityFrameworkCore.Migrations.Operations.AddColumnOperation,Microsoft.EntityFrameworkCore.Metadata.IModel,Microsoft.EntityFrameworkCore.Migrations.MigrationCommandListBuilder)">
            <summary>
                Generates a SQL fragment for a column definition in an <see cref="T:Microsoft.EntityFrameworkCore.Migrations.Operations.AddColumnOperation" />.
            </summary>
            <param name="operation"> The operation. </param>
            <param name="model"> The target model, which may be <c>null</c> if the operations exist without a model. </param>
            <param name="builder"> The command builder to use to add the SQL fragment. </param>
        </member>
        <member name="M:MySql.EntityFrameworkCore.Migrations.MySQLMigrationsSqlGenerator.ColumnDefinition(System.String,System.String,System.String,Microsoft.EntityFrameworkCore.Migrations.Operations.ColumnOperation,Microsoft.EntityFrameworkCore.Metadata.IModel,Microsoft.EntityFrameworkCore.Migrations.MigrationCommandListBuilder)">
            <summary>
                Generates a SQL fragment for a column definition for the given column metadata.
            </summary>
            <param name="schema"> The schema that contains the table, or <c>null</c> to use the default schema. </param>
            <param name="table"> The table that contains the column. </param>
            <param name="name"> The column name. </param>
            <param name="operation"> The column metadata. </param>
            <param name="model"> The target model, which may be <c>null</c> if the operations exist without a model. </param>
            <param name="builder"> The command builder to use to add the SQL fragment. </param>
        </member>
        <member name="M:MySql.EntityFrameworkCore.Migrations.MySQLMigrationsSqlGenerator.DefaultValue(System.Object,System.String,System.String,Microsoft.EntityFrameworkCore.Migrations.MigrationCommandListBuilder)">
            <summary>
            Generates a SQL fragment for the default constraint of a column.
            </summary>
            <param name="defaultValue"> The default value for the column. </param>
            <param name="defaultValueSql"> The SQL expression to use for the column's default constraint. </param>
            <param name="builder"> The command builder to use to add the SQL fragment. </param>
        </member>
        <member name="T:MySql.EntityFrameworkCore.Migrations.Operations.MySQLCreateDatabaseOperation">
            <summary>
            Create database operation class for migrations
            </summary>
        </member>
        <member name="T:MySql.EntityFrameworkCore.Migrations.Operations.MySQLDropDatabaseOperation">
            <summary>
            Drop database operation for migrations.
            </summary>
        </member>
        <member name="P:MySql.EntityFrameworkCore.Migrations.Operations.MySQLDropDatabaseOperation.Name">
            <summary>
                The name of the database.
            </summary>
        </member>
        <member name="T:MySql.EntityFrameworkCore.Properties.MySQLStrings">
            <summary>
              A strongly-typed resource class, for looking up localized strings, etc.
            </summary>
        </member>
        <member name="P:MySql.EntityFrameworkCore.Properties.MySQLStrings.ResourceManager">
            <summary>
              Returns the cached ResourceManager instance used by this class.
            </summary>
        </member>
        <member name="P:MySql.EntityFrameworkCore.Properties.MySQLStrings.Culture">
            <summary>
              Overrides the current thread's CurrentUICulture property for all
              resource lookups using this strongly typed resource class.
            </summary>
        </member>
        <member name="P:MySql.EntityFrameworkCore.Properties.MySQLStrings.ExpressionTypeMismatch">
            <summary>
              Looks up a localized string similar to The specified expression does not have the correct Type..
            </summary>
        </member>
        <member name="P:MySql.EntityFrameworkCore.Properties.MySQLStrings.InvalidTableToIncludeInScaffolding">
            <summary>
              Looks up a localized string similar to The specified table &apos;{0}&apos; is not valid..
            </summary>
        </member>
        <member name="P:MySql.EntityFrameworkCore.Properties.MySQLStrings.NoInitialCatalog">
            <summary>
              Looks up a localized string similar to The database name could not be determined. To use EnsureDeleted, the connection string must specify Initial Catalog..
            </summary>
        </member>
        <member name="P:MySql.EntityFrameworkCore.Properties.MySQLStrings.TransientExceptionDetected">
            <summary>
              Looks up a localized string similar to An exception has been raised that is likely due to a transient failure. Consider enabling transient error resiliency by adding &apos;EnableRetryOnFailure()&apos; to the &apos;UseMySql&apos; call..
            </summary>
        </member>
        <member name="P:MySql.EntityFrameworkCore.Properties.MySQLStrings.UnqualifiedDataType">
            <summary>
              Looks up a localized string similar to Missing length for data type &apos;{0}&apos;..
            </summary>
        </member>
        <member name="T:MySql.EntityFrameworkCore.Query.Expressions.Internal.MySQLCollateExpression">
            <summary>
                An expression that explicitly specifies the collation of a string value.
            </summary>
        </member>
        <member name="P:MySql.EntityFrameworkCore.Query.Expressions.Internal.MySQLCollateExpression.ValueExpression">
            <summary>
                The expression for which a collation is being specified.
            </summary>
        </member>
        <member name="P:MySql.EntityFrameworkCore.Query.Expressions.Internal.MySQLCollateExpression.Charset">
            <summary>
                The character set that the string is being converted to.
            </summary>
        </member>
        <member name="P:MySql.EntityFrameworkCore.Query.Expressions.Internal.MySQLCollateExpression.Collation">
            <summary>
                The collation that the string is being converted to.
            </summary>
        </member>
        <member name="M:MySql.EntityFrameworkCore.Query.Expressions.Internal.MySQLCollateExpression.Accept(System.Linq.Expressions.ExpressionVisitor)">
            <summary>
                Dispatches to the specific visit method for this node type.
            </summary>
        </member>
        <member name="M:MySql.EntityFrameworkCore.Query.Expressions.Internal.MySQLCollateExpression.VisitChildren(System.Linq.Expressions.ExpressionVisitor)">
            <summary>
                Reduces the node and then calls the <see cref="M:System.Linq.Expressions.ExpressionVisitor.Visit(System.Linq.Expressions.Expression)" /> method passing the
                reduced expression.
                Throws an exception if the node isn't reducible.
            </summary>
            <param name="visitor"> An instance of <see cref="T:System.Linq.Expressions.ExpressionVisitor" />. </param>
            <returns> The expression being visited, or an expression which should replace it in the tree. </returns>
            <remarks>
                Override this method to provide logic to walk the node's children.
                A typical implementation will call visitor.Visit on each of its
                children, and if any of them change, should return a new copy of
                itself with the modified children.
            </remarks>
        </member>
        <member name="M:MySql.EntityFrameworkCore.Query.Expressions.Internal.MySQLCollateExpression.Equals(System.Object)">
            <summary>
                Tests if this object is considered equal to another.
            </summary>
            <param name="obj"> The object to compare with the current object. </param>
            <returns>
                <see langword="true"/> if the objects are considered equal; otherwise, <see langword="false"/>.
            </returns>
        </member>
        <member name="M:MySql.EntityFrameworkCore.Query.Expressions.Internal.MySQLCollateExpression.GetHashCode">
            <summary>
                Returns a hash code for this object.
            </summary>
            <returns>
                A hash code for this object.
            </returns>
        </member>
        <member name="M:MySql.EntityFrameworkCore.Query.Expressions.Internal.MySQLCollateExpression.ToString">
            <summary>
                Creates a <see cref="T:System.String" /> representation of the Expression.
            </summary>
            <returns>A <see cref="T:System.String" /> representation of the Expression.</returns>
        </member>
        <member name="P:MySql.EntityFrameworkCore.Query.Expressions.Internal.MySQLComplexFunctionArgumentExpression.ArgumentParts">
            <summary>
                The arguments parts.
            </summary>
        </member>
        <member name="M:MySql.EntityFrameworkCore.Query.Expressions.Internal.MySQLComplexFunctionArgumentExpression.Accept(System.Linq.Expressions.ExpressionVisitor)">
            <summary>
                Dispatches to the specific visit method for this node type.
            </summary>
        </member>
        <member name="M:MySql.EntityFrameworkCore.Query.Expressions.Internal.MySQLComplexFunctionArgumentExpression.GetHashCode">
            <summary>
                Returns a hash code for this object.
            </summary>
            <returns>
                A hash code for this object.
            </returns>
        </member>
        <member name="M:MySql.EntityFrameworkCore.Query.Expressions.Internal.MySQLComplexFunctionArgumentExpression.ToString">
            <summary>
                Creates a <see cref="T:System.String" /> representation of the Expression.
            </summary>
            <returns>A <see cref="T:System.String" /> representation of the Expression.</returns>
        </member>
        <member name="T:MySql.EntityFrameworkCore.Query.Internal.MySQLCompiledQueryCacheKeyGenerator">
            <summary>
                <para>
                    The service lifetime is <see cref="F:Microsoft.Extensions.DependencyInjection.ServiceLifetime.Scoped" />. This means that each
                    <see cref="T:Microsoft.EntityFrameworkCore.DbContext" /> instance will use its own instance of this service.
                    The implementation may depend on other services registered with any lifetime.
                    The implementation does not need to be thread-safe.
                </para>
            </summary>
        </member>
        <member name="M:MySql.EntityFrameworkCore.Query.Internal.MySQLCompiledQueryCacheKeyGenerator.GenerateCacheKey(System.Linq.Expressions.Expression,System.Boolean)">
            <inheritdoc/>
        </member>
        <member name="M:MySql.EntityFrameworkCore.Query.Internal.MySQLMathMethodTranslator.Translate(Microsoft.EntityFrameworkCore.Query.SqlExpressions.SqlExpression,System.Reflection.MethodInfo,System.Collections.Generic.IReadOnlyList{Microsoft.EntityFrameworkCore.Query.SqlExpressions.SqlExpression},Microsoft.EntityFrameworkCore.Diagnostics.IDiagnosticsLogger{Microsoft.EntityFrameworkCore.DbLoggerCategory.Query})">
            <inheritdoc />
        </member>
        <member name="T:MySql.EntityFrameworkCore.Query.MySQLQueryGeneratorFactory">
            <summary>
            Implementation for QuerySqlGeneratorFactoryBase
            </summary>
        </member>
        <member name="M:MySql.EntityFrameworkCore.Scaffolding.Internal.MySQLCodeGenerator.GenerateUseProvider(System.String,Microsoft.EntityFrameworkCore.Design.MethodCallCodeFragment)">
            <inheritdoc/>
        </member>
        <member name="M:MySql.EntityFrameworkCore.Scaffolding.Internal.MySQLDatabaseModelFactory.Create(System.String,Microsoft.EntityFrameworkCore.Scaffolding.DatabaseModelFactoryOptions)">
            <inheritdoc/>
        </member>
        <member name="M:MySql.EntityFrameworkCore.Storage.Internal.MySQLBoolTypeMapping.Clone(Microsoft.EntityFrameworkCore.Storage.RelationalTypeMapping.RelationalTypeMappingParameters)">
            <summary>
                Creates a copy of this mapping.
            </summary>
            <param name="parameters"> The parameters for this mapping. </param>
            <returns> The newly created mapping. </returns>
        </member>
        <member name="M:MySql.EntityFrameworkCore.Storage.Internal.MySQLBoolTypeMapping.GenerateNonNullSqlLiteral(System.Object)">
            <inheritdoc/>
        </member>
        <member name="M:MySql.EntityFrameworkCore.Storage.Internal.MySQLByteArrayTypeMapping.Clone(Microsoft.EntityFrameworkCore.Storage.RelationalTypeMapping.RelationalTypeMappingParameters)">
            <summary>
                Creates a copy of this mapping.
            </summary>
            <param name="parameters"> The parameters for this mapping. </param>
            <returns> The newly created mapping. </returns>
        </member>
        <member name="M:MySql.EntityFrameworkCore.Storage.Internal.MySQLByteArrayTypeMapping.ConfigureParameter(System.Data.Common.DbParameter)">
            <inheritdoc/>
        </member>
        <member name="M:MySql.EntityFrameworkCore.Storage.Internal.MySQLByteArrayTypeMapping.GenerateNonNullSqlLiteral(System.Object)">
            <summary>
                Generates the SQL representation of a literal value.
            </summary>
            <param name="value">The literal value.</param>
            <returns>
                The generated string.
            </returns>
        </member>
        <member name="M:MySql.EntityFrameworkCore.Storage.Internal.MySQLDateTimeTypeMapping.Clone(Microsoft.EntityFrameworkCore.Storage.RelationalTypeMapping.RelationalTypeMappingParameters)">
            <summary>
                Creates a copy of this mapping.
            </summary>
            <param name="parameters"> The parameters for this mapping. </param>
            <returns> The newly created mapping. </returns>
        </member>
        <member name="P:MySql.EntityFrameworkCore.Storage.Internal.MySQLExecutionStrategy.RetriesOnFailure">
            <inheritdoc/>
        </member>
        <member name="M:MySql.EntityFrameworkCore.Storage.Internal.MySQLExecutionStrategy.Execute``2(``0,System.Func{Microsoft.EntityFrameworkCore.DbContext,``0,``1},System.Func{Microsoft.EntityFrameworkCore.DbContext,``0,Microsoft.EntityFrameworkCore.Storage.ExecutionResult{``1}})">
            <inheritdoc/>
        </member>
        <member name="M:MySql.EntityFrameworkCore.Storage.Internal.MySQLExecutionStrategy.ExecuteAsync``2(``0,System.Func{Microsoft.EntityFrameworkCore.DbContext,``0,System.Threading.CancellationToken,System.Threading.Tasks.Task{``1}},System.Func{Microsoft.EntityFrameworkCore.DbContext,``0,System.Threading.CancellationToken,System.Threading.Tasks.Task{Microsoft.EntityFrameworkCore.Storage.ExecutionResult{``1}}},System.Threading.CancellationToken)">
            <inheritdoc/>
        </member>
        <member name="M:MySql.EntityFrameworkCore.Storage.Internal.MySQLExecutionStrategyFactory.CreateDefaultStrategy(Microsoft.EntityFrameworkCore.Storage.ExecutionStrategyDependencies)">
            <inheritdoc/>
        </member>
        <member name="M:MySql.EntityFrameworkCore.Storage.Internal.MySQLStringTypeMapping.Clone(Microsoft.EntityFrameworkCore.Storage.RelationalTypeMapping.RelationalTypeMappingParameters)">
            <summary>
                Creates a copy of this mapping.
            </summary>
            <param name="parameters"> The parameters for this mapping. </param>
            <returns> The newly created mapping. </returns>
        </member>
        <member name="M:MySql.EntityFrameworkCore.Storage.Internal.MySQLStringTypeMapping.ConfigureParameter(System.Data.Common.DbParameter)">
            <inheritdoc/>
        </member>
        <member name="M:MySql.EntityFrameworkCore.Storage.Internal.MySQLTimeSpanMapping.Clone(Microsoft.EntityFrameworkCore.Storage.RelationalTypeMapping.RelationalTypeMappingParameters)">
            <summary>
                Creates a copy of this mapping.
            </summary>
            <param name="parameters"> The parameters for this mapping. </param>
            <returns> The newly created mapping. </returns>
        </member>
        <member name="P:MySql.EntityFrameworkCore.Storage.Internal.MySQLTimeSpanMapping.SqlLiteralFormatString">
            <summary>
                Gets the string format to be used to generate SQL literals of this type.
            </summary>
        </member>
        <member name="T:MySql.EntityFrameworkCore.Storage.Internal.MySQLTransientExceptionDetector">
            <summary>
            Detects the exceptions caused by SQL Server transient failures.
            </summary>
        </member>
        <member name="M:MySql.EntityFrameworkCore.Storage.Internal.MySQLTypeMappingSource.ValidateMapping(Microsoft.EntityFrameworkCore.Storage.CoreTypeMapping,Microsoft.EntityFrameworkCore.Metadata.IProperty)">
            <inheritdoc/>
        </member>
        <member name="M:MySql.EntityFrameworkCore.Storage.Internal.MySQLTypeMappingSource.FindMapping(Microsoft.EntityFrameworkCore.Storage.RelationalTypeMappingInfo@)">
            <inheritdoc/>
        </member>
        <member name="T:MySql.EntityFrameworkCore.MySQLDatabaseCreator">
            <summary>
            Relational Database creator implementation in MySQL
            </summary>
        </member>
        <member name="M:MySql.EntityFrameworkCore.MySQLDatabaseCreator.Delete">
            <inheritdoc/>
        </member>
        <member name="M:MySql.EntityFrameworkCore.MySQLDatabaseCreator.Exists">
            <inheritdoc/>
        </member>
        <member name="M:MySql.EntityFrameworkCore.MySQLDatabaseCreator.ExistsAsync(System.Threading.CancellationToken)">
            <inheritdoc/>
        </member>
        <member name="M:MySql.EntityFrameworkCore.MySQLDatabaseCreator.HasTables">
            <inheritdoc/>
        </member>
        <member name="M:MySql.EntityFrameworkCore.MySQLDatabaseCreator.HasTablesAsync(System.Threading.CancellationToken)">
            <inheritdoc/>
        </member>
        <member name="M:MySql.EntityFrameworkCore.MySQLSqlGenerationHelper.EscapeIdentifier(System.String)">
            <inheritdoc/>
        </member>
        <member name="M:MySql.EntityFrameworkCore.MySQLSqlGenerationHelper.EscapeIdentifier(System.Text.StringBuilder,System.String)">
            <inheritdoc/>
        </member>
        <member name="M:MySql.EntityFrameworkCore.MySQLSqlGenerationHelper.DelimitIdentifier(System.Text.StringBuilder,System.String)">
            <inheritdoc/>
        </member>
        <member name="M:MySql.EntityFrameworkCore.MySQLSqlGenerationHelper.DelimitIdentifier(System.String)">
            <inheritdoc/>
        </member>
        <member name="M:MySql.EntityFrameworkCore.MySQLSqlGenerationHelper.DelimitIdentifier(System.String,System.String)">
            <inheritdoc/>
        </member>
        <member name="T:MySql.EntityFrameworkCore.Update.IMySQLUpdateSqlGenerator">
            <summary>
                <para>
                    The service lifetime is <see cref="!:ServiceLifetime.Singleton" />. This means a single instance
                    is used by many <see cref="!:DbContext" /> instances. The implementation must be thread-safe.
                    This service cannot depend on services registered as <see cref="!:ServiceLifetime.Scoped" />.
                </para>
            </summary>
        </member>
        <member name="T:MySql.EntityFrameworkCore.Update.MySQLModificationCommandBatch">
            <summary>
            AffectedCountModificationCommandBatch implementation for MySQL
            </summary>
        </member>
        <member name="M:MySql.EntityFrameworkCore.Update.MySQLModificationCommandBatch.IsCommandTextValid">
            <inheritdoc/>
        </member>
        <member name="M:MySql.EntityFrameworkCore.Update.MySQLModificationCommandBatch.GetParameterCount">
            <inheritdoc/>
        </member>
        <member name="M:MySql.EntityFrameworkCore.Update.MySQLModificationCommandBatch.ResetCommandText">
            <inheritdoc/>
        </member>
        <member name="M:MySql.EntityFrameworkCore.Update.MySQLModificationCommandBatch.GetCommandText">
            <inheritdoc/>
        </member>
        <member name="M:MySql.EntityFrameworkCore.Update.MySQLModificationCommandBatch.UpdateCachedCommandText(System.Int32)">
            <inheritdoc/>
        </member>
        <member name="T:MySql.EntityFrameworkCore.Update.MySQLModificationCommandBatchFactory">
            <summary>
            IModificationCommandBatchFactory implemntation for MySQL
            </summary>
        </member>
        <member name="T:MySql.EntityFrameworkCore.MySQLUpdateSqlGenerator">
            <summary>
                <para>
                    The service lifetime is <see cref="!:ServiceLifetime.Singleton" />. This means a single instance
                    is used by many <see cref="!:DbContext" /> instances. The implementation must be thread-safe.
                    This service cannot depend on services registered as <see cref="!:ServiceLifetime.Scoped" />.
                </para>
            </summary>
        </member>
        <member name="T:MySql.EntityFrameworkCore.Utils.Statics">
            <summary>
            This class used to initialize and retrieve an array of bool values with an specific number of elements and values.
            </summary>
        </member>
        <member name="T:MySql.EntityFrameworkCore.ValueGeneration.Internal.MySQLValueGeneratorSelector">
            <summary>
                <para>
                    The service lifetime is <see cref="!:ServiceLifetime.Scoped" />. This means that each
                    <see cref="T:Microsoft.EntityFrameworkCore.DbContext" /> instance will use its own instance of this service.
                    The implementation may depend on other services registered with any lifetime.
                    The implementation does not need to be thread-safe.
                </para>
            </summary>
        </member>
        <member name="M:MySql.EntityFrameworkCore.ValueGeneration.Internal.MySQLValueGeneratorSelector.Create(Microsoft.EntityFrameworkCore.Metadata.IProperty,Microsoft.EntityFrameworkCore.Metadata.IEntityType)">
            <inheritdoc/>
        </member>
        <member name="T:Microsoft.EntityFrameworkCore.MySQLDbContextOptionsExtensions">
            <summary>
            Represents the context-option extensions implemented for MySQL.
            </summary>
        </member>
        <member name="M:Microsoft.EntityFrameworkCore.MySQLDbContextOptionsExtensions.UseMySQL(Microsoft.EntityFrameworkCore.DbContextOptionsBuilder,System.String,System.Action{MySql.EntityFrameworkCore.Infrastructure.MySQLDbContextOptionsBuilder})">
            <summary>
            Configures the <see cref="T:Microsoft.EntityFrameworkCore.DbContext" /> to use MySQL Sever.
            </summary>
            <param name="optionsBuilder">DbContext option builder.</param>
            <param name="connectionString">MySQL connection string.</param>
            <param name="MySQLOptionsAction">DbContext option builder action.</param>
            <returns>DbContext option builder using MySQL.</returns>
        </member>
        <member name="M:Microsoft.EntityFrameworkCore.MySQLDbContextOptionsExtensions.UseMySQL(Microsoft.EntityFrameworkCore.DbContextOptionsBuilder,System.Data.Common.DbConnection,System.Action{MySql.EntityFrameworkCore.Infrastructure.MySQLDbContextOptionsBuilder})">
            <summary>
            Configures the <see cref="T:Microsoft.EntityFrameworkCore.DbContext" /> to use MySQL Sever.
            </summary>
            <param name="optionsBuilder">DbContext option builder.</param>
            <param name="connection">MySQL connection object.</param>
            <param name="MySQLOptionsAction">DbContext option builder action.</param>
            <returns>DbContext option builder using MySQL.</returns>
        </member>
        <member name="M:Microsoft.EntityFrameworkCore.MySQLDbContextOptionsExtensions.UseMySQL``1(Microsoft.EntityFrameworkCore.DbContextOptionsBuilder{``0},System.String,System.Action{MySql.EntityFrameworkCore.Infrastructure.MySQLDbContextOptionsBuilder})">
            <summary>
            Configures the <see cref="T:Microsoft.EntityFrameworkCore.DbContext" /> to use MySQL Sever.
            </summary>
            <typeparam name="TContext"><see cref="T:Microsoft.EntityFrameworkCore.DbContext" /> type.</typeparam>
            <param name="optionsBuilder">DbContext option builder.</param>
            <param name="connectionString">MySQL connection string.</param>
            <param name="MySQLOptionsAction">DbContext option builder action.</param>
            <returns>DbContext option builder using MySQL.</returns>
        </member>
        <member name="M:Microsoft.EntityFrameworkCore.MySQLDbContextOptionsExtensions.UseMySQL``1(Microsoft.EntityFrameworkCore.DbContextOptionsBuilder{``0},System.Data.Common.DbConnection,System.Action{MySql.EntityFrameworkCore.Infrastructure.MySQLDbContextOptionsBuilder})">
            <summary>
            Configures the <see cref="T:Microsoft.EntityFrameworkCore.DbContext" /> to use MySQL Sever.
            </summary>
            <typeparam name="TContext"><see cref="T:Microsoft.EntityFrameworkCore.DbContext" /> type.</typeparam>
            <param name="optionsBuilder">DbContext option builder.</param>
            <param name="connection">MySQL connection object.</param>
            <param name="MySQLOptionsAction">DbContext option builder action.</param>
            <returns>DbContext option builder using MySQL.</returns>
        </member>
    </members>
</doc>
